message_id	message_length	author_id
56788	4	4479771
56787	1	1494733
56786	1	180577856
56785	10	1494733
56784	8	180577856
56783	4	180577856
56782	6	180577856
56781	1	26476793
56780	2	26476793
56779	8	1494733
56778	6	180577856
56777	4	26476793
56776	7	1494733
56775	5	180577856
56774	16	180577856
56773	14	180577856
56772	18	1494733
56771	10	180577856
56770	17	180577856
56769	10	180577856
56768	6	180577856
56758	31	1494733
56727	2	180577856
56726	2	7644986
56725	16	26476793
56721	1	12623342
56720	216	180577856
56719	4	12623342
56718	1	7644986
56717	2	12623342
56716	4	180577856
56715	4	180577856
56714	9	12623342
56713	2	7644986
56712	6	180577856
56711	16	178835227
56710	13	7644986
56709	3	180577856
56708	4	178835227
56707	3	178835227
56706	7	180577856
56705	15	178835227
56704	13	180577856
56703	3	180577856
56702	8	180577856
56701	2	1494733
56700	11	1494733
56699	2	180577856
56698	16	180577856
56697	35	180577856
56696	12	180577856
56695	48	1494733
56694	3	1494733
56693	7	12306049
56692	4	1494733
56691	3	96875393
56690	6	57010241
56689	6	1494733
56688	12	57010241
56687	10	26476793
56686	2	26476793
56685	10	57010241
56684	1	26476793
56683	16	57010241
56674	14	26476793
56673	14	178835227
56672	15	12306049
56669	1	68892630
56668	8	180577856
56624	6	12623342
56623	7	12623342
56622	3	1494733
56621	5	1494733
56620	5	12623342
56619	7	310307054
56618	6	12623342
56617	12	310307054
56616	5	12623342
56615	7	1494733
56613	3	180577856
56606	21	178835227
56603	8	12623342
56602	1	310307054
56601	6	180577856
56599	6	180577856
56598	9	26476793
56593	16	180577856
56591	3	180577856
56590	11	180577856
56589	6	178835227
56588	4	178835227
56587	5	1494733
56586	1	4479771
56585	1	180577856
56584	7	180577856
56568	55	57010241
56567	15	57010241
56566	6	57010241
56565	5	180577856
56564	6	57010241
56563	5	180577856
56562	13	180577856
56560	3	180577856
56559	6	19264830
56558	40	57010241
56557	1	12306049
56556	7	12306049
56555	3	12306049
56554	23	26476793
56553	3	12306049
56552	5	26476793
56551	3	26476793
56550	2	12306049
56549	4	26476793
56548	4	26476793
56547	9	12306049
56546	1	57010241
56545	10	7644986
56544	18	57010241
56543	1	178835227
56542	8	57010241
56541	13	57010241
56540	32	1494733
56539	21	57010241
56538	1	68892630
56537	13	57010241
56536	5	42808107
56529	6	180577856
56528	9	180577856
56527	5	180577856
56526	5	180577856
56523	4	4479771
56522	8	180577856
56521	1	26476793
56520	12	180577856
56519	35	180577856
56518	1	1494733
56517	2	180577856
56516	30	180577856
56515	5	180577856
56514	4	180577856
56513	9	180577856
56512	3	180577856
56511	3	180577856
56510	1	26476793
56509	5	180577856
56508	5	180577856
56507	10	180577856
56506	24	180577856
56504	1	178835227
56503	8	178835227
56502	3	12306049
56501	4	68892630
56500	3	68892630
56499	2	1494733
56498	16	180577856
56497	1	12306049
56496	5	7644986
56495	3	310307054
56494	6	180577856
56493	10	180577856
56492	12	180577856
56491	2	5200895
56490	3	5200895
56489	2	180577856
56488	4	178835227
56487	16	180577856
56482	3	180577856
56406	2	68892630
56405	7	68892630
56404	3	68892630
56403	15	23540705
56402	6	178835227
56401	2	178835227
56400	9	26476793
56399	9	26476793
56398	1	26476793
56397	20	178835227
56382	16	57010241
56381	4	57010241
56378	9	57010241
56377	1	68892630
56376	197	6217442
56375	5	68892630
56374	5	68892630
56373	8	6217442
56372	13	57010241
56361	3	96875393
56360	2	1494733
56359	3	178835227
56358	1	180577856
56357	1	12623342
56356	1	12306049
56355	12	19264830
56347	14	42808107
56346	5	42808107
56345	4	12306049
56344	2	42808107
56343	11	42808107
56340	1	42808107
56339	4	42808107
56338	20	42808107
56337	21	42808107
56336	5	180577856
56335	7	42808107
56334	6	42808107
56333	8	42808107
56332	6	42808107
56331	6	42808107
56330	1	26476793
56329	3	19264830
56327	21	180577856
56326	17	42808107
56325	9	180577856
56324	6	42808107
56323	5	42808107
56322	8	42808107
56321	5	42808107
56320	5	68892630
56319	1	42808107
56318	17	180577856
56306	7	42808107
56305	6	42808107
56304	4	180577856
56303	17	42808107
56300	3	180577856
56299	4	5200895
56298	3	42808107
56297	3	180577856
56296	9	180577856
56294	8	5200895
56288	2	310307054
56287	1	26476793
56286	1	26476793
56285	3	5200895
56284	3	26476793
56283	2	26476793
56282	2	26476793
56281	10	7644986
56280	5	7644986
56279	7	7644986
56278	22	19264830
56277	6	19264830
56276	17	7644986
56275	4	19264830
56266	5	12306049
56265	14	180577856
56264	2	26476793
56263	1	42808107
56262	6	42808107
56261	4	26476793
56260	4	12306049
56259	8	12306049
56258	11	42808107
56257	6	26476793
56256	4	26476793
56255	30	5200895
56254	5	12306049
56253	11	42808107
56252	1	42808107
56251	1	7644986
56250	10	7644986
56249	8	26476793
56248	3	42808107
56247	1	5200895
56246	5	42808107
56245	1	26476793
56244	4	7644986
56243	1	5200895
56242	5	310307054
56241	7	5200895
56240	1	7644986
56239	4	26476793
56238	17	26476793
56237	6	7644986
56236	12	26476793
56235	5	19264830
56232	6	23540705
56223	6	26476793
56220	5	180577856
56214	7	180577856
56211	7	26476793
56190	2	42808107
56188	1	19264830
56187	1	19264830
56184	16	180577856
56183	5	26476793
56182	12	26476793
56181	8	42808107
56179	11	180577856
56178	15	7644986
56176	7	7644986
56166	2	7644986
56165	1	7644986
56164	11	26476793
56162	3	19264830
56159	3	180577856
56158	7	26476793
56157	5	180577856
56156	17	180577856
56155	4	23540705
56154	3	26476793
56153	19	26476793
56152	3	180577856
56151	3	26476793
56030	5	6217442
56029	3	6217442
56018	1	310307054
56017	3	19264830
56016	9	310307054
56014	3	12306049
56013	3	310307054
55968	13	180577856
55967	5	180577856
55949	4	57010241
55940	14	178835227
55935	1	12623342
55928	17	12306049
55927	2	310307054
55926	4	26476793
55925	3	26476793
55924	10	310307054
55922	6	180577856
55921	9	12306049
55917	11	180577856
55916	3	180577856
55915	9	180577856
55913	14	310307054
55912	14	180577856
55901	5	57010241
55897	7	57010241
55896	3	19264830
55895	5	19264830
55893	3	19264830
55892	45	57010241
55887	4	12306049
55886	10	5200895
55885	1	19264830
55884	4	23540705
55875	4	19264830
55874	3	26476793
55873	6	19264830
55872	3	7644986
55871	14	19264830
55870	12	19264830
55869	10	7644986
55868	3	7644986
55867	8	7644986
55866	26	19264830
55865	3	12623342
55864	13	12306049
55863	5	12306049
55862	11	12623342
55861	6	12623342
55860	3	12306049
55859	12	12623342
55858	1	12306049
55857	6	12623342
55856	18	7644986
55855	5	12623342
55854	2	26476793
55853	4	7644986
55852	6	12623342
55851	7	7644986
55850	43	12623342
55849	6	8177449
55848	4	8177449
55847	7	12306049
55846	16	7644986
55845	11	26476793
55837	5	57010241
55836	9	12306049
55835	11	12306049
55834	5	8177449
55833	27	57010241
55832	4	12623342
55831	3	12623342
55830	29	12306049
55829	11	57010241
55828	8	7644986
55827	5	5200895
55826	5	7644986
55825	3	7644986
55824	12	7644986
55823	20	57010241
55822	10	12623342
55821	5	12306049
55820	3	12306049
55819	4	12623342
55818	9	12623342
55817	1	12306049
55816	14	12623342
55815	4	12623342
55814	1	26476793
55813	4	26476793
55812	14	12306049
55811	3	1494733
55810	1	1494733
55809	2	1494733
55808	3	12623342
55807	9	26476793
55806	2	26476793
55805	6	1494733
55804	29	12623342
55706	9	1494733
55705	1	310307054
55704	1	310307054
55703	2	7644986
55702	1	7644986
55701	3	310307054
55700	7	7644986
55699	1	310307054
55698	2	7644986
55697	1	7644986
55696	2	7644986
55695	12	5200895
55680	3	5200895
55679	12	19264830
55678	30	19264830
55677	10	5200895
55676	8	19264830
55675	23	5200895
55642	2	26476793
55641	11	5200895
55640	22	180577856
55639	3	310307054
55638	7	310307054
55637	1	26476793
55636	10	26476793
55635	23	26476793
55633	6	180577856
55632	31	26476793
55578	1	26476793
55577	16	7644986
55576	7	26476793
55575	2	1494733
55574	7	180577856
55573	2	11330009
55572	8	12306049
55571	4	26476793
55570	12	11330009
55569	1	26476793
55568	8	11330009
55550	1	1494733
55548	6	19264830
55547	5	19264830
55546	6	1494733
55544	1	19264830
55539	2	1494733
55537	6	19264830
55536	3	19264830
55535	5	19264830
55534	7	12623342
55533	8	1494733
55532	4	1494733
55531	1	12306049
55530	4	12306049
55529	15	12306049
55527	18	19264830
55522	2	1494733
55521	7	12623342
55520	14	1494733
55507	4	19264830
55495	2	12306049
55494	49	1494733
55493	2	57010241
55492	1	26476793
55491	41	26476793
55490	15	57010241
55489	1	26476793
55488	15	26476793
55487	6	26476793
55486	1	19264830
55485	5	26476793
55484	10	19264830
55483	16	180577856
55482	26	19264830
55481	9	5200895
55480	3	19264830
55479	20	19264830
55478	1	5200895
55477	16	5200895
55476	3	19264830
55475	13	5200895
55474	13	5200895
55473	10	5200895
55390	2	19264830
55389	36	7644986
55387	20	7644986
55386	5	19264830
55385	27	7644986
55384	3	19264830
55383	86	7644986
55352	55	20473269
55351	19	5200895
55350	39	20473269
55349	60	57010241
55346	5	7644986
55345	6	26476793
55344	3	7644986
55343	3	26476793
55342	23	180577856
55338	1	26476793
55337	7	180577856
55336	2	180577856
55335	5	26476793
55334	5	180577856
55332	22	180577856
55330	10	26476793
55329	26	5200895
55328	3	12623342
55327	16	26476793
55326	5	12623342
55325	20	12623342
55324	23	5200895
55323	32	26476793
55322	15	26476793
55321	5	19264830
55320	1	7644986
55319	6	12623342
55318	25	12623342
55317	7	26476793
55316	2	12623342
55315	2	26476793
55314	8	7644986
55313	9	26476793
55312	13	7644986
55311	1	12623342
55310	5	12623342
55309	10	12623342
55308	10	19264830
55307	7	19264830
55306	6	7644986
55305	14	57010241
55304	14	7644986
55303	6	7644986
55302	15	19264830
55301	7	7644986
55300	18	7644986
55299	5	68892630
55298	9	68892630
55297	3	5200895
55295	7	1494733
55294	7	310307054
55293	4	180577856
55291	4	310307054
55290	1	310307054
55289	7	180577856
55288	9	26476793
55285	8	180577856
55283	2	26476793
55282	6	26476793
55280	1	7644986
55279	3	26476793
55278	7	7644986
55276	9	26476793
55275	6	12623342
55274	9	7644986
55273	21	7644986
55272	8	12623342
55269	1	19264830
55268	2	19264830
55267	3	1494733
55266	15	12623342
55265	3	12623342
55264	20	19264830
55257	8	57010241
55256	4	19264830
55255	29	57010241
55238	15	6217442
55190	2	1494733
55189	32	180577856
55188	8	1494733
55158	21	42808107
55157	5	42808107
55156	4	310307054
55155	6	42808107
55154	6	42808107
55153	2	42808107
55151	2	310307054
55150	4	5200895
55149	6	5200895
55148	5	5200895
55147	19	7644986
55146	6	12306049
55145	7	57010241
55144	6	12306049
55143	13	12306049
55142	20	57010241
55141	18	12306049
55140	18	57010241
55139	9	12306049
55138	4	12306049
55137	8	57010241
55136	5	19264830
55135	8	19264830
55134	5	12306049
55133	39	57010241
55132	5	57010241
55131	10	68892630
55130	2	68892630
55129	23	57010241
55128	8	57010241
55127	12	310307054
55126	6	5200895
55125	3	5200895
55124	7	310307054
55123	2	42808107
55122	1	42808107
55121	3	42808107
55120	2	42808107
55119	33	180577856
55118	9	42808107
55117	1	180577856
55116	8	180577856
55115	6	42808107
55114	8	42808107
55113	8	310307054
55112	11	180577856
55084	7	57010241
55083	11	12623342
55082	3	12623342
55081	7	57010241
55080	12	12623342
55079	8	12623342
55078	30	57010241
55077	2	68892630
55076	1	310307054
55075	4	68892630
55074	10	310307054
55062	2	26476793
55061	17	57010241
55060	1	19264830
55059	6	19264830
55058	18	57010241
55057	8	19264830
55055	5	57010241
55054	7	180577856
55053	23	57010241
55052	28	7644986
55051	6	12306049
55050	18	12306049
55049	2	12306049
55048	2	12306049
55047	6	7644986
55046	29	7644986
55025	3	23540705
54913	1	4479771
54912	1	180577856
54909	11	11330009
54908	4	12623342
54907	1	7644986
54906	2	68892630
54905	3	23540705
54904	2	11330009
54903	1	11330009
54902	9	11330009
54888	32	180577856
54887	23	180577856
54856	39	12306049
54855	14	310307054
54854	47	12306049
54852	4	26476793
54851	31	11330009
54831	3	26476793
54829	2	23540705
54828	14	23540705
54827	15	57010241
54826	3	23540705
54825	6	23540705
54824	13	57010241
54823	1	23540705
54822	3	23540705
54821	7	57010241
54820	1	23540705
54819	3	23540705
54818	41	310307054
54817	3	310307054
54816	5	310307054
54815	12	57010241
54814	1	178835227
54813	7	57010241
54812	73	7644986
54811	17	57010241
54810	19	23540705
54809	1	26476793
54808	9	180577856
54807	1	178835227
54806	8	178835227
54805	23	7644986
54804	8	178835227
54803	7	178835227
54802	12	26476793
54801	13	12306049
54800	2	1494733
54799	6	26476793
54798	3	12306049
54797	2	26476793
54796	16	12306049
54795	14	5200895
54794	7	12306049
54792	8	26476793
54789	15	12306049
54788	1	12306049
54783	8	19264830
54773	9	12623342
54768	1	5200895
54767	7	310307054
54761	8	19264830
54758	18	5200895
54757	1	19264830
54756	58	26476793
54755	11	26476793
54754	16	180577856
54753	1	180577856
54752	17	180577856
54751	27	11330009
54750	2	42808107
54749	9	68892630
54748	1	68892630
54746	6	57010241
54745	2	180577856
54744	22	57010241
54743	5	12306049
54742	3	12306049
54741	34	12306049
54740	1	12306049
54738	3	23540705
54737	8	23540705
54736	2	180577856
54735	8	23540705
54734	10	12306049
54733	8	180577856
54732	6	23540705
54731	7	180577856
54730	4	12306049
54729	10	12306049
54716	2	12623342
54715	9	12623342
54714	10	180577856
54713	1	12623342
54712	1	12623342
54711	9	180577856
54710	12	12623342
54709	21	180577856
54693	1	26476793
54691	10	5200895
54681	1	1494733
54680	8	310307054
54679	2	23540705
54678	3	178835227
54677	4	178835227
54675	3	7644986
54674	12	7644986
54673	3	7644986
54672	4	6217442
54670	2	6217442
54669	3	54363822
54668	3	6217442
54667	4	6217442
54662	9	1494733
54661	9	12306049
54660	14	12306049
54659	5	12306049
54658	9	12306049
54657	1	1494733
54656	5	12306049
54655	22	1494733
54654	6	7644986
54653	5	7644986
54652	6	7644986
54651	2	7644986
54650	2	12306049
54649	6	12306049
54644	3	12623342
54643	3	4479771
54642	8	23540705
54634	7	7644986
54633	5	26476793
54632	45	7644986
54631	10	12306049
54630	6	12306049
54628	51	7644986
54627	9	26476793
54626	11	26476793
54625	6	23540705
54624	6	180577856
54623	22	180577856
54622	3	26476793
54621	3	26476793
54620	3	7644986
54619	10	180577856
54618	2	12306049
54617	2	7644986
54616	1	7644986
54615	8	12306049
54614	12	57010241
54612	1	42808107
54610	8	19264830
54609	62	57010241
54608	2	57010241
54607	4	26476793
54606	30	57010241
54601	11	7644986
54600	27	7644986
54599	30	12306049
54598	13	12306049
54597	6	310307054
54596	28	310307054
54595	12	26476793
54594	24	5200895
54593	10	26476793
54592	5	26476793
54591	14	5200895
54590	1	1494733
54589	10	26476793
54588	5	26476793
54587	6	5200895
54586	1	180577856
54585	3	26476793
54584	5	26476793
54583	1	5200895
54582	3	5200895
54581	5	5200895
54580	2	26476793
54579	8	180577856
54578	9	5200895
54577	6	26476793
54576	6	26476793
54575	15	26476793
54574	2	5200895
54573	7	26476793
54572	10	5200895
54571	8	26476793
54570	2	5200895
54569	4	26476793
54568	10	5200895
54567	1	5200895
54566	2	5200895
54565	1	12306049
54564	7	5200895
54563	4	12306049
54562	8	5200895
54561	6	5200895
54542	1	1494733
54541	6	12306049
54540	4	5200895
54539	6	26476793
54538	1	310307054
54537	2	180577856
54536	6	57010241
54535	1	1494733
54534	1	7644986
54533	6	180577856
54532	7	1494733
54531	5	1494733
54530	20	57010241
54529	6	7644986
54528	1	12623342
54527	14	5200895
54526	7	5200895
54525	7	1494733
54512	7	180577856
54511	2	5200895
54510	30	7644986
54509	1	7644986
54508	24	7644986
54507	5	12623342
54506	14	5200895
54505	4	12306049
54504	28	7644986
54503	6	7644986
54502	11	57010241
54501	2	7644986
54500	3	7644986
54499	9	7644986
54498	1	68892630
54497	4	68892630
54496	5	7644986
54495	5	7644986
54494	14	12306049
54493	9	12306049
54492	2	12306049
54490	15	7644986
54489	5	12306049
54488	17	12306049
54486	7	12306049
54485	24	7644986
54484	5	7644986
54483	8	7644986
54482	4	12623342
54481	3	7644986
54480	21	12306049
54479	9	7644986
54478	5	7644986
54477	14	5200895
54475	1	180577856
54474	1	12306049
54472	2	180577856
54471	12	5200895
54470	3	180577856
54469	5	5200895
54468	7	5200895
54460	6	180577856
54457	5	180577856
54455	16	180577856
54452	4	4479771
54451	5	11330009
54450	12	4479771
54449	3	180577856
54448	2	180577856
54447	4	5200895
54446	4	180577856
54445	2	180577856
54444	16	180577856
54441	1	26476793
54439	13	26476793
54432	6	26476793
54428	3	54363822
54427	13	54363822
54421	3	5200895
54420	4	178835227
54419	5	26476793
54418	3	178835227
54417	7	180577856
54416	3	180577856
54415	1	26476793
54414	10	178835227
54413	4	180577856
54412	8	54363822
54411	7	5200895
54406	3	12623342
54405	8	19264830
54404	1	1494733
54403	2	12306049
54402	1	310307054
54401	1	1494733
54400	1	178835227
54399	1	1494733
54398	9	26476793
54397	8	1494733
54388	2	1494733
54387	6	26476793
54386	3	26476793
54385	22	1494733
54384	2	5200895
54383	3	12623342
54382	9	12623342
54381	11	5200895
54378	2	178835227
54377	4	15717865
54376	9	178835227
54375	5	1494733
54374	14	15717865
54373	8	20473269
54366	1	19264830
54365	1	42808107
54364	11	20473269
54344	17	4479771
54343	8	180577856
54342	15	42808107
54327	14	5200895
54326	9	26476793
54325	7	5200895
54324	1	310307054
54323	1	26476793
54322	16	310307054
54321	29	26476793
54320	1	26476793
54319	11	180577856
54318	10	1494733
54314	1	1494733
54313	7	5200895
54312	3	12306049
54311	26	11330009
54310	1	26476793
54309	1	15717865
54308	6	178835227
54307	8	180577856
54306	3	42808107
54305	9	5200895
54304	5	180577856
54303	5	5200895
54302	1	180577856
54301	10	5200895
54300	6	180577856
54299	24	5200895
54298	1	26476793
54297	9	180577856
54296	7	5200895
54295	3	180577856
54294	12	180577856
54293	5	180577856
54292	8	26476793
54291	22	23540705
54290	4	7644986
54289	7	180577856
54288	3	26476793
54287	28	7644986
54286	11	7644986
54285	9	26476793
54284	10	26476793
54283	1	178835227
54282	2	7644986
54281	42	7644986
54280	11	7644986
54279	11	7644986
54278	1	178835227
54277	11	178835227
54276	4	7644986
54275	16	26476793
54274	4	26476793
54273	4	26476793
54272	5	26476793
54271	46	7644986
54270	2	180577856
54269	8	180577856
54268	13	7644986
54267	10	26476793
54266	9	7644986
54265	85	7644986
54264	22	26476793
54263	8	7644986
54262	6	26476793
54261	2	7644986
54260	7	26476793
54259	5	7644986
54257	1	7644986
54256	9	68892630
54255	7	68892630
54254	13	26476793
54253	2	68892630
54252	8	7644986
54251	2	26476793
54250	7	7644986
54249	1	7644986
54248	6	7644986
54247	3	7644986
54246	4	26476793
54245	8	26476793
54244	10	7644986
54243	9	7644986
54242	11	7644986
54241	151	7644986
54240	6	7644986
54239	3	7644986
54238	4	7644986
54237	2	180577856
54236	1	180577856
54235	2	26476793
54234	1	178835227
54233	3	178835227
54232	1	7644986
54231	1	7644986
54230	3	7644986
54229	5	178835227
54228	1	178835227
54227	7	178835227
54226	3	7644986
54225	11	7644986
54224	5	180577856
54223	6	7644986
54222	3	7644986
54221	5	180577856
54220	2	7644986
54219	5	180577856
54218	2	180577856
54217	9	7644986
54216	5	180577856
54215	13	7644986
54202	1	20473269
54201	1	1494733
54200	2	5200895
54199	3	4479771
54198	16	180577856
54197	2	7644986
54196	9	11330009
54195	17	11330009
54194	3	42808107
54193	2	310307054
54192	3	1494733
54191	8	310307054
54190	8	7644986
54189	1	310307054
54188	3	310307054
54187	6	11330009
54186	4	310307054
54185	1	310307054
54184	32	11330009
54182	7	180577856
54181	5	180577856
54180	11	180577856
54179	5	180577856
54178	4	7644986
54177	50	7644986
54176	5	19264830
54175	13	19264830
54174	5	19264830
54173	1	7644986
54172	5	180577856
54171	1	1494733
54170	7	7644986
54169	1	5200895
54168	2	180577856
54167	9	180577856
54154	1	12623342
54153	4	180577856
54152	7	12623342
54151	4	180577856
54150	9	178835227
54149	3	12623342
54148	18	5200895
54147	9	12623342
54146	13	12623342
54145	3	12623342
54144	1	180577856
54143	28	5200895
54142	20	180577856
54141	10	180577856
54140	1	11330009
54139	2	11330009
54138	1	11330009
54137	21	7644986
54136	3	7644986
54135	1	7644986
54134	2	26476793
54133	3	26476793
54132	8	7644986
54131	6	26476793
54130	9	26476793
54129	2	26476793
54128	12	7644986
54127	4	7644986
54126	8	7644986
54125	11	7644986
54124	21	26476793
54123	15	7644986
54122	13	26476793
54121	9	180577856
54120	8	26476793
54119	6	180577856
54118	14	26476793
54117	2	180577856
54116	1	5200895
54115	17	180577856
54114	7	23540705
54113	4	5200895
54112	9	23540705
54111	1	26476793
54110	6	26476793
54109	12	5200895
54108	13	5200895
54107	6	26476793
54106	8	5200895
54105	8	26476793
54104	7	26476793
54103	7	26476793
54102	7	11330009
54078	16	26476793
54077	1	26476793
54076	10	178835227
54075	1	178835227
54074	13	26476793
54073	2	12623342
54072	3	19264830
54071	4	19264830
54070	1	12623342
54069	2	19264830
54068	10	12623342
54067	4	19264830
54066	12	19264830
54064	6	180577856
54063	9	12623342
54062	16	12306049
54061	5	7644986
54060	6	5200895
54059	26	7644986
54058	2	180577856
54057	6	180577856
54056	3	180577856
54055	1	7644986
54054	6	178835227
54053	4	7644986
54052	6	180577856
54051	2	180577856
54050	4	7644986
54049	2	7644986
54048	14	7644986
54047	6	180577856
54046	23	180577856
54045	7	180577856
54044	14	7644986
54042	2	1494733
54041	7	180577856
54040	4	26476793
54039	9	1494733
54022	10	26476793
54021	4	1494733
54020	3	1494733
54019	3	12306049
54018	4	12306049
54017	9	1494733
54016	1	23540705
54015	5	7644986
54014	16	26476793
54013	30	5200895
54012	9	7644986
54011	10	23540705
54010	14	310307054
54009	9	26476793
54008	13	180577856
54007	9	11330009
54006	1	12623342
54005	8	19264830
54004	18	20473269
54003	4	19264830
54002	13	12623342
54001	30	19264830
53999	3	180577856
53998	1	12623342
53997	4	180577856
53996	6	180577856
53995	4	68892630
53994	8	180577856
53993	22	180577856
53992	2	12306049
53991	6	180577856
53990	8	12306049
53989	6	1494733
53988	1	1494733
53987	6	4479771
53986	6	4479771
53985	7	11330009
53984	15	310307054
53983	21	4479771
53980	16	20473269
53979	3	23540705
53978	10	20473269
53977	6	23540705
53976	4	23540705
53975	12	20473269
53974	13	7644986
53973	1	15717865
53972	7	178835227
53971	13	20473269
53970	9	7644986
53969	5	180577856
53967	5	1494733
53966	7	12623342
53965	3	12623342
53964	6	180577856
53963	5	1494733
53962	5	180577856
53961	6	178835227
53960	9	180577856
53959	9	180577856
53957	18	1494733
53952	12	57010241
53951	13	7644986
53950	25	19264830
53949	15	57010241
53948	5	7644986
53947	20	57010241
53946	12	7644986
53945	11	7644986
53944	12	7644986
53943	2	7644986
53942	7	19264830
53941	14	7644986
53940	49	7644986
53939	3	19264830
53938	18	19264830
53937	2	57010241
53936	4	7644986
53935	18	57010241
53934	9	7644986
53933	2	7644986
53932	10	26476793
53931	8	7644986
53930	17	7644986
53929	4	26476793
53928	3	26476793
53927	24	7644986
53926	5	178835227
53925	12	178835227
53924	9	26476793
53923	14	26476793
53922	6	178835227
53921	6	57010241
53920	8	5200895
53919	5	57010241
53918	4	180577856
53917	7	5200895
53915	1	5200895
53914	11	180577856
53913	5	180577856
53912	23	7644986
53911	10	57010241
53910	3	5200895
53909	5	7644986
53908	5	7644986
53907	15	7644986
53906	1	5200895
53905	3	5200895
53904	20	5200895
53903	5	180577856
53902	4	26476793
53901	4	180577856
53900	8	26476793
53899	31	180577856
53882	8	310307054
53874	1	26476793
53873	6	310307054
53872	4	19264830
53871	2	7644986
53870	1	7644986
53869	6	19264830
53868	3	42808107
53866	7	180577856
53865	19	20473269
53861	16	1494733
53798	6	57010241
53797	6	26476793
53796	14	57010241
53795	3	26476793
53794	27	57010241
53791	6	57010241
53790	7	57010241
53789	6	57010241
53788	1	310307054
53787	2	1494733
53786	1	1494733
53785	8	1494733
53784	6	310307054
53783	6	57010241
53782	5	310307054
53781	7	57010241
53780	1	310307054
53779	1	310307054
53778	4	310307054
53777	17	57010241
53776	8	310307054
53775	1	57010241
53774	7	57010241
53773	17	310307054
53772	15	57010241
53771	2	310307054
53770	74	57010241
53769	20	310307054
53753	4	5200895
53752	1	180577856
53751	1	1494733
53750	1	12623342
53749	1	178835227
53748	5	7644986
53739	4	1494733
53738	1	1494733
53735	3	11330009
53733	2	5200895
53732	2	178835227
53730	6	7644986
53729	25	7644986
53727	12	180577856
53726	7	19264830
53725	9	26476793
53724	7	23540705
53723	4	23540705
53722	3	26476793
53721	3	57010241
53720	2	26476793
53719	1	310307054
53718	5	1494733
53717	3	310307054
53716	1	310307054
53715	3	23540705
53712	4	23540705
53706	3	11330009
53705	5	26476793
53704	4	26476793
53703	5	26476793
53702	10	11330009
53701	3	178835227
53700	9	57010241
53699	6	12623342
53698	2	178835227
53697	11	178835227
53696	1	12623342
53695	10	19264830
53694	30	42808107
53693	2	68892630
53692	15	42808107
53691	3	178835227
53690	10	23540705
53688	5	57010241
53687	8	26476793
53686	11	5200895
53685	43	57010241
53684	1	180577856
53683	4	310307054
53665	9	180577856
53664	23	57010241
53663	17	180577856
53662	10	57010241
53661	4	180577856
53660	24	57010241
53590	2	57010241
53589	3	26476793
53588	17	57010241
53587	3	11330009
53586	3	7644986
53585	22	11330009
53584	10	57010241
53583	23	178835227
53582	11	57010241
53581	4	178835227
53580	11	57010241
53579	12	12623342
53578	2	12623342
53577	12	178835227
53576	4	7644986
53575	14	178835227
53569	18	7644986
53548	2	5200895
53546	5	1494733
53545	5	5200895
53544	1	1494733
53543	3	8177449
53542	5	26476793
53541	11	1494733
53540	2	26476793
53539	4	12623342
53538	8	1494733
53516	7	1494733
53515	5	26476793
53514	1	26476793
53513	4	26476793
53512	5	26476793
53511	1	26476793
53510	1	7644986
53509	9	180577856
53508	4	7644986
53507	1	7644986
53506	6	180577856
53505	3	180577856
53504	10	7644986
53503	17	180577856
53502	6	12306049
53501	10	54363822
53494	23	5200895
53493	7	26476793
53492	6	180577856
53491	16	7644986
53490	9	5200895
53459	1	7644986
53458	18	5200895
53457	1	19264830
53456	26	57010241
53455	2	26476793
53454	4	26476793
53453	1	26476793
53452	7	57010241
53451	5	26476793
53450	6	26476793
53449	1	178835227
53448	16	57010241
53447	5	57010241
53446	13	26476793
53445	16	26476793
53444	8	26476793
53443	6	178835227
53442	1	23540705
53441	1	23540705
53440	7	178835227
53439	19	178835227
53437	7	23540705
53436	7	310307054
53435	12	26476793
53430	12	5200895
53423	47	26476793
53374	5	26476793
53373	8	26476793
53372	11	42808107
53371	8	26476793
53370	15	42808107
53369	25	26476793
53368	9	12306049
53367	21	26476793
53366	16	12623342
53365	2	68892630
53364	1	1494733
53363	1	1494733
53362	4	1494733
53361	3	1494733
53360	5	68892630
53359	5	1494733
53358	13	68892630
53357	6	68892630
53356	12	68892630
53355	46	1494733
53333	2	11330009
53332	4	180577856
53331	11	11330009
53330	2	7644986
53329	19	42808107
53328	2	5200895
53327	2	11330009
53326	1	57010241
53325	13	23540705
53324	7	57010241
53323	2	19264830
53322	3	23540705
53321	28	54363822
53320	4	54363822
53319	7	19264830
53318	8	26476793
53317	4	26476793
53316	3	7644986
53315	1	26476793
53314	1	7644986
53313	25	26476793
53312	5	26476793
53311	2	4479771
53310	8	42808107
53309	18	42808107
53308	41	4479771
53307	1	42808107
53306	3	12623342
53305	53	12623342
53304	17	7644986
53303	7	19264830
53286	4	4479771
53285	1	180577856
53284	14	19264830
53283	120	19264830
53282	15	19264830
53281	4	180577856
53280	3	19264830
53279	5	96875393
53278	3	26476793
53277	18	5200895
53276	3	180577856
53275	9	180577856
53274	40	180577856
53273	2	180577856
53272	3	8177449
53271	11	57010241
53270	4	180577856
53269	5	57010241
53268	4	180577856
53267	27	180577856
53266	6	7644986
53265	3	7644986
53264	6	180577856
53263	8	180577856
53262	16	7644986
53261	1	180577856
53260	1	5200895
53259	18	180577856
53239	7	5200895
53238	14	5200895
53237	5	42808107
53236	19	42808107
53235	9	1494733
53230	5	7644986
53229	7	23540705
53228	2	7644986
53227	3	12623342
53226	8	23540705
53225	5	23540705
53221	2	7644986
53215	4	23540705
53213	4	23540705
53212	2	180577856
53201	6	23540705
53198	1	42808107
53197	6	42808107
53196	1	26476793
53195	4	42808107
53194	8	26476793
53162	4	23540705
53161	2	23540705
53108	6	12623342
53107	5	180577856
53106	1	12623342
53105	2	68892630
53104	11	5200895
53103	3	7644986
53102	10	23540705
53101	5	23540705
53100	6	7644986
53099	6	23540705
53098	11	7644986
53097	6	23540705
53096	25	12623342
53095	10	7644986
53094	12	180577856
53093	2	12623342
53092	5	12623342
53091	17	7644986
53090	14	180577856
53089	1	178835227
53088	10	26476793
53087	12	12623342
53086	5	180577856
53085	3	26476793
53084	1	26476793
53083	3	12623342
53082	7	180577856
53081	6	180577856
53080	6	180577856
53079	14	310307054
53078	1	68892630
53077	2	5200895
53076	1	5200895
53075	5	68892630
53074	4	26476793
53073	1	26476793
53072	9	26476793
53071	2	26476793
53070	1	12623342
53069	7	12623342
53068	17	26476793
52992	8	42808107
52991	13	42808107
52980	6	310307054
52979	1	19264830
52978	2	26476793
52977	23	7644986
52976	6	19264830
52975	4	180577856
52974	5	180577856
52973	6	7644986
52972	6	180577856
52971	4	180577856
52970	4	7644986
52969	2	1494733
52968	9	7644986
52967	6	180577856
52966	1	180577856
52965	2	180577856
52964	14	1494733
52963	14	180577856
52962	1	26476793
52961	5	26476793
52960	12	180577856
52959	2	26476793
52958	9	180577856
52957	4	5200895
52956	14	5200895
52925	2	180577856
52924	3	180577856
52923	6	12623342
52922	13	180577856
52921	4	180577856
52919	1	68892630
52918	3	180577856
52917	7	68892630
52916	2	68892630
52915	4	1494733
52914	2	180577856
52913	5	180577856
52912	3	7644986
52911	13	180577856
52910	8	180577856
52909	3	7644986
52908	3	7644986
52907	1	310307054
52906	3	310307054
52905	10	180577856
52904	20	180577856
52903	2	1494733
52902	8	180577856
52900	1	12623342
52899	11	180577856
52898	3	178835227
52897	1	4479771
52896	8	12623342
52895	1	26476793
52894	8	180577856
52893	17	178835227
52892	6	178835227
52891	8	12623342
52890	3	178835227
52889	8	180577856
52888	4	12623342
52887	12	1494733
52886	25	180577856
52885	2	5200895
52884	1	23540705
52883	10	5200895
52882	7	5200895
52840	12	180577856
52838	4	180577856
52837	5	12623342
52836	4	12623342
52835	5	12623342
52834	1	57010241
52831	2	57010241
52830	6	310307054
52829	1	310307054
52828	20	57010241
52827	4	180577856
52826	22	12306049
52825	21	12306049
52824	9	12306049
52823	1	12306049
52822	16	57010241
52821	1	12306049
52820	8	180577856
52819	6	12306049
52818	50	57010241
52817	2	57010241
52816	4	12306049
52815	25	57010241
52814	6	180577856
52813	10	180577856
52812	9	12306049
52811	11	19264830
52810	3	180577856
52809	50	180577856
52804	5	12623342
52802	12	42808107
52801	4	4479771
52800	28	42808107
52793	7	12623342
52792	1	20473269
52791	14	12623342
52784	4	23540705
52783	25	180577856
52782	4	310307054
52781	14	310307054
52780	19	7644986
52779	14	26476793
52778	3	7644986
52777	9	26476793
52776	2	7644986
52775	22	180577856
52774	4	7644986
52773	3	7644986
52772	6	180577856
52771	18	7644986
52770	70	23540705
52724	2	1494733
52723	1	1494733
52722	5	57010241
52721	5	57010241
52720	18	1494733
52719	3	12623342
52718	13	23540705
52590	1	12306049
52589	6	180577856
52588	4	1494733
52587	3	12306049
52586	7	1494733
52585	14	12306049
52581	3	57010241
52580	3	57010241
52579	5	1494733
52578	6	57010241
52577	5	57010241
52576	16	1494733
52575	7	180577856
52573	8	1494733
52572	13	54363822
52570	59	1494733
52564	2	96875393
52563	2	1494733
52562	4	178835227
52532	1	1494733
52531	1	1494733
52530	1	1494733
52529	12	5200895
52528	6	5200895
52527	11	1494733
52526	3	54363822
52525	4	1494733
52524	1	180577856
52523	1	7644986
52522	3	7644986
52521	11	7644986
52520	12	180577856
52510	9	5200895
52509	13	26476793
52508	4	5200895
52507	10	7644986
52506	1	20473269
52505	9	7644986
52504	5	26476793
52488	3	178835227
52487	4	178835227
52486	7	178835227
52484	22	180577856
52483	9	180577856
52482	1	11330009
52481	6	12623342
52480	7	178835227
52479	4	11330009
52478	3	11330009
52477	8	178835227
52476	3	178835227
52475	8	11330009
52474	4	11330009
52473	8	12623342
52472	4	11330009
52471	7	5200895
52470	6	23540705
52469	4	23540705
52468	9	11330009
52452	9	180577856
52451	8	11330009
52447	2	180577856
52446	11	180577856
52445	4	68892630
52444	4	180577856
52442	8	68892630
52441	6	26476793
52440	5	180577856
52439	2	1494733
52438	7	180577856
52437	7	180577856
52433	10	5200895
52432	8	5200895
52431	1	5200895
52430	1	54363822
52429	17	5200895
52402	9	42808107
52401	1	1494733
52399	3	5200895
52398	5	180577856
52397	3	178835227
52396	13	26476793
52395	10	96875393
52394	8	57010241
52393	10	26476793
52392	5	19264830
52391	9	23540705
52390	11	57010241
52389	1	180577856
52388	7	23540705
52387	8	23540705
52386	7	23540705
52385	21	57010241
52384	6	26476793
52383	10	57010241
52382	6	12623342
52381	12	26476793
52380	3	26476793
52379	15	12623342
52378	1	42808107
52377	4	23540705
52376	2	42808107
52375	3	1494733
52374	4	68892630
52373	3	1494733
52370	6	178835227
52369	5	178835227
52368	10	178835227
52367	2	178835227
52366	7	178835227
52365	8	20473269
52364	1	26476793
52363	2	180577856
52362	6	178835227
52361	3	180577856
52360	4	178835227
52359	6	178835227
52358	11	178835227
52357	13	26476793
52356	19	57010241
52355	15	178835227
52354	2	178835227
52353	7	20473269
52352	4	180577856
52351	1	26476793
52350	16	1494733
52349	4	6217442
52348	5	6217442
52347	4	6217442
52346	9	6217442
52345	6	6217442
52344	19	178835227
52343	6	23540705
52342	23	178835227
52341	4	178835227
52340	6	26476793
52339	7	23540705
52338	3	19264830
52337	9	23540705
52336	15	310307054
52335	10	26476793
52334	4	19264830
52333	2	310307054
52332	5	26476793
52331	3	310307054
52330	3	42808107
52329	11	19264830
52328	27	20473269
52327	1	23540705
52326	3	23540705
52325	6	23540705
52324	1	180577856
52323	25	20473269
52322	5	26476793
52321	15	20473269
52320	18	180577856
52319	11	180577856
52318	9	20473269
52317	9	180577856
52316	10	180577856
52315	4	20473269
52314	1	178835227
52313	21	20473269
52312	9	5200895
52311	13	5200895
52310	1	26476793
52309	1	8177449
52308	12	26476793
52280	8	42808107
52279	4	26476793
52278	4	180577856
52277	3	180577856
52275	5	42808107
52274	10	42808107
52273	3	180577856
52272	3	12623342
52271	13	26476793
52270	12	12623342
52269	14	12623342
52268	7	12623342
52267	22	26476793
52266	11	12623342
52265	24	26476793
52263	7	178835227
52262	1	178835227
52261	9	96875393
52260	2	6217442
52246	3	26476793
52245	28	26476793
52244	7	180577856
52243	17	6217442
52143	4	20473269
52142	4	12623342
52141	6	96875393
52140	4	1494733
52139	4	54363822
52137	11	180577856
52136	2	68892630
52135	3	68892630
52134	13	5200895
52131	6	42808107
52103	15	20473269
52102	3	7644986
52101	13	20473269
52100	33	7644986
52099	2	20473269
52098	8	54363822
52097	33	20473269
52096	3	7644986
52095	81	7644986
52092	7	180577856
52091	4	180577856
52090	7	178835227
52089	8	178835227
52088	3	178835227
52087	2	5200895
52086	9	1494733
52085	7	7644986
52084	9	11330009
52083	4	11330009
52082	4	11330009
52081	23	178835227
52080	14	178835227
52079	12	178835227
52078	8	178835227
52077	10	96875393
52076	7	68892630
52075	6	96875393
52074	1	68892630
52073	1	96875393
52072	4	68892630
52071	3	68892630
52070	1	68892630
52069	5	68892630
52068	3	68892630
52067	1	180577856
52066	8	96875393
52065	22	180577856
52064	6	23540705
52063	7	26476793
52059	35	1494733
52058	5	178835227
52057	2	180577856
52056	25	1494733
52055	27	178835227
52054	57	1494733
52051	3	5200895
52050	9	19264830
52049	2	5200895
52048	5	178835227
52047	3	19264830
52046	6	5200895
52045	4	5200895
52036	4	178835227
52035	8	178835227
52034	7	178835227
52033	8	57010241
52032	2	180577856
52031	2	26476793
52030	12	180577856
52002	2	180577856
52001	14	7644986
52000	2	310307054
51999	8	7644986
51995	1	42808107
51994	1	1494733
51993	1	12623342
51992	1	12306049
51991	1	180577856
51990	16	310307054
51989	3	7644986
51988	1	42808107
51987	6	42808107
51986	14	7644986
51980	3	180577856
51979	1	180577856
51978	4	12623342
51977	2	12623342
51976	6	8177449
51975	4	8177449
51974	2	4871315
51973	9	4871315
51972	11	57010241
51971	11	4871315
51970	20	57010241
51969	2	12306049
51968	5	12306049
51967	11	180577856
51966	1	180577856
51965	3	26476793
51964	2	178835227
51963	5	7644986
51962	11	178835227
51961	22	26476793
51957	3	1494733
51956	1	42808107
51955	1	26476793
51954	11	1494733
51952	12	180577856
51949	18	20473269
51948	3	310307054
51947	1	310307054
51946	7	26476793
51945	2	310307054
51944	2	26476793
51943	8	310307054
51942	6	19264830
51941	6	23540705
51940	30	23540705
51939	9	12623342
51938	9	26476793
51937	17	1494733
51936	1	5200895
51935	2	12623342
51934	5	19264830
51933	9	5200895
51932	2	6217442
51931	1	178835227
51930	10	57010241
51929	5	178835227
51928	8	178835227
51927	16	57010241
51926	9	11330009
51925	15	42808107
51916	3	11330009
51911	1	26476793
51908	11	11330009
51906	5	1494733
51905	7	7644986
51904	12	7644986
51903	12	5200895
51902	8	42808107
51901	4	180577856
51900	10	42808107
51887	1	68892630
51886	14	12306049
51885	10	68892630
51878	5	6217442
51877	7	180577856
51876	5	12306049
51875	10	15717865
51874	4	15717865
51873	8	26476793
51872	10	15717865
51871	4	15717865
51870	1	26476793
51869	9	7644986
51868	6	15717865
51867	5	7644986
51866	13	15717865
51751	6	12306049
51750	8	180577856
51749	6	12306049
51748	9	180577856
51747	11	12306049
51746	3	12306049
51745	1	178835227
51744	10	180577856
51743	8	178835227
51742	4	180577856
51741	7	180577856
51740	1	1494733
51739	15	178835227
51738	9	1494733
51737	2	178835227
51736	6	26476793
51735	8	5200895
51734	1	7644986
51733	17	180577856
51732	6	12306049
51731	2	178835227
51730	3	7644986
51729	20	7644986
51728	15	178835227
51727	4	178835227
51726	4	26476793
51725	6	7644986
51723	11	7644986
51722	1	26476793
51721	4	23540705
51720	6	26476793
51719	3	26476793
51718	1	26476793
51717	4	19264830
51716	4	26476793
51715	5	26476793
51714	9	96875393
51713	10	26476793
51712	4	26476793
51711	7	23540705
51710	9	26476793
51709	9	178835227
51708	1	178835227
51707	10	178835227
51706	3	26476793
51705	4	178835227
51704	2	26476793
51703	5	7644986
51702	3	178835227
51701	6	178835227
51700	4	178835227
51699	3	12306049
51698	3	96875393
51697	4	12306049
51696	6	12623342
51695	3	26476793
51694	11	26476793
51693	1	26476793
51692	9	26476793
51691	22	7644986
51690	3	7644986
51689	14	8177449
51688	1	8177449
51687	1	7644986
51686	4	8177449
51685	7	7644986
51684	3	8177449
51683	15	7644986
51682	15	7644986
51681	6	68892630
51680	23	8177449
51678	21	7644986
51677	16	7644986
51676	26	7644986
51675	69	15717865
51674	35	42808107
51673	1	7644986
51672	5	96875393
51670	15	7644986
51669	15	7644986
51668	1	7644986
51667	31	96875393
51664	11	7644986
51663	20	11330009
51662	30	57010241
51661	27	11330009
51660	6	57010241
51659	1	57010241
51658	8	11330009
51657	8	11330009
51656	57	7644986
51655	1	23540705
51654	4	1494733
51653	1	57010241
51652	5	26476793
51651	3	26476793
51650	13	23540705
51649	14	57010241
51648	10	23540705
51647	12	23540705
51646	3	23540705
51645	13	57010241
51644	3	57010241
51643	7	23540705
51642	37	57010241
51641	2	12623342
51640	13	12306049
51639	6	19264830
51638	11	19264830
51637	2	7644986
51636	10	1494733
51635	2	7644986
51634	7	12306049
51633	4	12306049
51632	5	12306049
51631	12	7644986
51630	4	7644986
51629	6	7644986
51628	4	1494733
51627	12	7644986
51626	16	7644986
51625	3	7644986
51624	1	1494733
51623	7	7644986
51622	4	1494733
51621	1	26476793
51620	1	1494733
51619	3	26476793
51618	3	26476793
51617	1	26476793
51616	8	26476793
51615	6	26476793
51614	7	1494733
51613	6	1494733
51612	3	57010241
51611	3	54363822
51610	5	54363822
51609	12	57010241
51607	7	11330009
51606	1	37128986
51605	7	11330009
51604	15	11330009
51603	10	37128986
51602	8	11330009
51601	6	54363822
51600	12	26476793
51599	5	12623342
51598	4	1494733
51597	3	12623342
51596	1	26476793
51595	10	26476793
51594	3	12306049
51593	3	12306049
51592	13	57010241
51591	14	12306049
51590	4	12306049
51589	11	12306049
51588	2	19264830
51587	10	11330009
51586	7	26476793
51585	8	11330009
51583	1	7644986
51582	3	178835227
51581	3	12623342
51580	19	7644986
51578	2	178835227
51577	6	180577856
51576	1	180577856
51575	1	180577856
51574	6	26476793
51573	3	26476793
51572	4	26476793
51571	5	26476793
51570	18	7644986
51569	1	15717865
51568	21	7644986
51567	13	15717865
51566	13	7644986
51565	12	7644986
51564	4	1494733
51563	9	1494733
51562	12	7644986
51561	22	7644986
51560	81	7644986
51559	2	7644986
51558	5	12306049
51557	38	7644986
51556	1	310307054
51555	3	7644986
51554	9	7644986
51553	4	1494733
51552	3	7644986
51551	1	12306049
51550	20	1494733
51549	1	54363822
51548	7	7644986
51547	2	54363822
51546	9	26476793
51545	11	57010241
51544	13	57010241
51543	5	26476793
51542	8	26476793
51541	32	57010241
51540	7	26476793
51539	8	57010241
51538	69	26476793
51537	9	57010241
51536	11	26476793
51535	16	26476793
51534	1	11330009
51533	1	12623342
51532	1	11330009
51531	14	11330009
51530	3	310307054
51529	5	178835227
51528	6	180577856
51527	11	310307054
51526	26	180577856
51481	10	180577856
51480	3	26476793
51478	10	180577856
51477	6	180577856
51476	1	310307054
51475	9	8177449
51474	10	8177449
51473	1	42808107
51472	8	42808107
51471	11	310307054
51470	1	310307054
51469	3	42808107
51468	3	12306049
51467	8	310307054
51466	3	310307054
51465	5	310307054
51464	7	42808107
51458	5	310307054
51457	5	12306049
51456	2	54363822
51455	6	310307054
51454	11	180577856
51453	3	180577856
51452	12	180577856
51451	2	310307054
51450	3	1494733
51449	4	42808107
51448	2	1494733
51447	2	42808107
51446	9	180577856
51445	15	15717865
51444	12	12306049
51443	37	180577856
51442	4	12623342
51441	14	7644986
51440	20	310307054
51439	6	1494733
51433	2	1494733
51432	6	1494733
51431	7	310307054
51430	10	310307054
51429	2	42808107
51428	6	310307054
51427	9	42808107
51426	7	42808107
51425	2	12306049
51424	2	42808107
51423	11	12306049
51422	6	12306049
51421	1	23540705
51420	3	178835227
51379	2	42808107
51378	4	1494733
51377	8	11330009
51376	5	26476793
51358	5	7644986
51357	1	42808107
51356	1	1494733
51355	13	42808107
51351	40	7644986
51349	1	1494733
51348	3	11330009
51347	7	11330009
51346	9	5200895
51345	7	11330009
51344	7	11330009
51343	1	11330009
51342	5	7644986
51341	2	7644986
51340	2	11330009
51339	9	11330009
51315	17	57010241
51314	46	1494733
51313	2	42808107
51312	11	180577856
51311	3	180577856
51310	5	42808107
51309	4	178835227
51308	11	178835227
51307	30	23540705
51303	31	180577856
51253	7	8177449
51252	4	8177449
51249	15	12623342
51248	1	19264830
51247	22	19264830
51226	5	19264830
51225	2	26476793
51224	11	7644986
51223	3	26476793
51221	2	26476793
51220	2	12306049
51219	5	12306049
51218	8	7644986
51217	2	12306049
51216	1	26476793
51213	2	26476793
51212	13	7644986
51211	1	26476793
51210	1	7644986
51207	2	23540705
51201	3	26476793
51194	1	7644986
51191	21	7644986
51178	1	26476793
51174	24	7644986
51173	24	26476793
51172	6	7644986
51171	6	7644986
51170	4	7644986
51169	1	23540705
51168	9	23540705
51167	4	26476793
51166	1	26476793
51162	21	7644986
51110	4	7644986
51109	8	7644986
51108	8	12306049
51107	11	12306049
51106	15	7644986
51105	10	12306049
51104	50	7644986
51103	20	57010241
51102	1	12306049
51101	35	57010241
51100	5	12306049
51099	2	12306049
51096	15	178835227
51095	18	12306049
51038	1	26476793
51037	5	26476793
51036	4	57010241
51035	9	57010241
51034	3	68892630
51033	2	68892630
51032	4	57010241
51031	8	68892630
51030	10	26476793
51029	12	7644986
51025	8	26476793
51024	14	26476793
51023	2	19264830
51003	12	5200895
51000	10	26476793
50999	17	26476793
50998	1	57010241
50997	12	26476793
50996	9	57010241
50994	6	26476793
50993	5	23540705
50992	6	57010241
50991	1	57010241
50990	1	23540705
50989	11	57010241
50812	11	26476793
50811	14	23540705
50810	3	57010241
50794	6	7644986
50793	2	7644986
50792	3	7644986
50791	5	7644986
50790	6	23540705
50789	19	23540705
50788	9	23540705
50786	1	23540705
50758	3	7644986
50757	3	180577856
50756	6	180577856
50755	17	7644986
50749	1	180577856
50746	3	26476793
50743	10	180577856
50739	1	7644986
50738	20	5200895
50737	37	7644986
50736	13	26476793
50735	26	7644986
50734	2	26476793
50733	14	26476793
50732	3	26476793
50731	5	7644986
50730	1	7644986
50729	7	26476793
50728	50	7644986
50727	31	26476793
50726	1	26476793
50725	23	26476793
50724	8	7644986
50723	2	7644986
50722	5	26476793
50721	2	7644986
50720	5	26476793
50719	14	26476793
50718	14	7644986
50717	4	26476793
50716	5	7644986
50715	3	26476793
50714	45	7644986
50713	1	7644986
50712	5	26476793
50711	5	26476793
50710	1	7644986
50709	10	26476793
50708	8	7644986
50707	8	26476793
50706	3	7644986
50705	69	26476793
50704	4	26476793
50692	9	12306049
50651	1	180577856
50646	4	12623342
50645	6	180577856
50614	23	12306049
50612	1	7644986
50611	13	7644986
50610	4	7644986
50609	10	7644986
50608	9	1494733
50607	4	23540705
50606	1	26476793
50605	4	180577856
50604	3	180577856
50603	10	23540705
50602	19	1494733
50601	15	26476793
50600	15	26476793
50599	4	180577856
50598	8	180577856
50597	6	180577856
50596	6	180577856
50595	21	180577856
50593	9	7644986
50591	2	180577856
50590	10	7644986
50589	1	12306049
50588	7	180577856
50587	9	180577856
50586	3	180577856
50585	3	180577856
50584	12	7644986
50583	1	7644986
50582	4	12623342
50581	18	7644986
50576	7	180577856
50575	6	180577856
50574	7	7644986
50573	1	180577856
50572	1	180577856
50571	19	180577856
50568	2	180577856
50567	1	26476793
50565	11	310307054
50564	18	26476793
50561	1	178835227
50560	2	178835227
50559	1	12623342
50558	4	7644986
50557	1	7644986
50556	3	12623342
50555	1	7644986
50554	7	7644986
50553	20	12306049
50552	11	7644986
50551	7	12306049
50550	6	7644986
50549	2	7644986
50548	5	12306049
50547	6	12306049
50546	5	180577856
50545	7	12306049
50544	21	180577856
50542	2	12306049
50541	10	180577856
50540	3	180577856
50539	8	12306049
50538	3	12306049
50537	4	12306049
50497	26	7644986
50496	7	7644986
50495	32	57010241
50494	18	12306049
50493	18	12306049
50492	15	12306049
50491	1	23540705
50490	3	26476793
50489	12	23540705
50488	3	7644986
50487	12	7644986
50486	1	7644986
50485	118	23540705
50484	4	26476793
50483	4	7644986
50482	3	7644986
50481	9	23540705
50480	2	1494733
50479	4	26476793
50478	8	7644986
50477	31	7644986
50476	19	26476793
50475	14	7644986
50474	6	7644986
50473	47	7644986
50471	4	23540705
50470	7	26476793
50469	2	23540705
50468	3	7644986
50467	114	7644986
50466	4	26476793
50465	35	7644986
50464	6	7644986
50463	13	7644986
50462	32	23540705
50461	7	23540705
50460	16	23540705
50459	1	7644986
50458	5	180577856
50457	36	180577856
50456	4	5200895
50455	9	57010241
50454	13	57010241
50453	5	26476793
50452	28	26476793
50451	6	57010241
50450	7	7644986
50449	6	57010241
50448	2	7644986
50447	18	7644986
50446	11	57010241
50445	17	57010241
50444	25	7644986
50443	20	57010241
50442	15	23540705
50441	26	57010241
50434	2	57010241
50433	4	26476793
50431	8	57010241
50430	5	26476793
50429	17	23540705
50428	21	57010241
50427	6	23540705
50426	33	57010241
50417	1	310307054
50416	1	310307054
50415	3	8177449
50414	11	8177449
50413	4	8177449
50412	54	8177449
50411	2	12306049
50410	8	310307054
50409	5	12306049
50408	8	310307054
50407	4	26476793
50406	3	310307054
50405	19	12306049
50400	4	8177449
50399	12	8177449
50398	8	8177449
50397	1	7644986
50396	1	12623342
50395	3	7644986
50394	14	12623342
50386	3	12623342
50385	7	7644986
50384	3	7644986
50383	15	12623342
50382	1	12306049
50381	1	12623342
50380	9	12306049
50379	10	7644986
50378	23	26476793
50377	44	7644986
50376	8	26476793
50375	38	7644986
50374	5	57010241
50373	8	180577856
50372	5	180577856
50371	8	7644986
50370	6	180577856
50369	5	26476793
50368	23	57010241
50367	1	180577856
50366	11	57010241
50365	38	57010241
50363	20	57010241
50362	1	178835227
50361	18	12306049
50360	3	180577856
50351	9	57010241
50323	5	57010241
50322	1	57010241
50321	17	57010241
50319	2	96875393
50318	10	15717865
50305	1	57010241
50304	4	26476793
50303	9	57010241
50302	3	57010241
50301	4	180577856
50300	13	57010241
50299	12	180577856
50266	2	12306049
50265	6	12306049
50264	6	4479771
50263	6	19264830
50262	3	1494733
50261	5	178835227
50260	9	178835227
50259	3	68892630
50258	1	19264830
50256	3	310307054
50255	3	26476793
50254	2	1494733
50253	2	7644986
50252	8	4479771
50251	3	96875393
50250	3	26476793
50249	4	26476793
50248	14	96875393
50247	11	96875393
50246	4	26476793
50245	5	26476793
50244	8	1494733
50243	14	96875393
50242	5	1494733
50241	6	1494733
50240	1	310307054
50239	12	96875393
50238	5	26476793
50237	12	180577856
50236	4	68892630
50235	5	42808107
50234	2	12306049
50233	8	4479771
50232	7	178835227
50231	4	178835227
50230	1	178835227
50229	1	26476793
50228	11	310307054
50227	7	310307054
50226	3	26476793
50225	2	310307054
50224	2	310307054
50223	6	26476793
50222	2	310307054
50221	7	310307054
50220	8	310307054
50219	8	15717865
50218	5	12306049
50217	1	310307054
50216	8	12306049
50215	1	310307054
50214	2	310307054
50213	7	12306049
50212	5	26476793
50211	11	12306049
50210	5	12306049
50209	14	57010241
50208	20	310307054
50207	8	12306049
50205	8	26476793
50202	5	11330009
50201	4	11330009
50200	3	12623342
50199	1	11330009
50198	6	6217442
50197	3	42808107
50196	7	68892630
50195	2	11330009
50194	3	11330009
50193	11	68892630
50192	3	42808107
50191	7	11330009
50190	1	26476793
50189	9	19264830
50188	3	12306049
50187	5	12306049
50186	8	12306049
50185	2	12306049
50184	14	23540705
50179	24	54363822
50178	7	180577856
50177	12	68892630
50176	2	26476793
50175	19	11330009
50174	8	180577856
50173	22	180577856
50172	7	26476793
50171	1	12306049
50170	2	180577856
50169	5	180577856
50168	12	12306049
50167	2	178835227
50166	8	12306049
50165	13	42808107
50112	11	178835227
50111	10	178835227
50110	1	178835227
50109	4	178835227
50108	3	68892630
50107	7	68892630
50106	8	180577856
50105	10	180577856
50104	7	178835227
50103	4	178835227
50102	7	178835227
50101	9	19264830
50100	9	19264830
50099	3	42808107
50098	13	5200895
50097	32	5200895
50096	11	5200895
50095	3	1494733
50094	1	42808107
50093	5	42808107
50092	3	42808107
50091	4	1494733
50090	14	180577856
50089	17	42808107
50088	1	42808107
50087	7	42808107
50086	5	42808107
50085	4	26476793
50084	4	11330009
50083	8	26476793
50082	7	11330009
50081	6	11330009
50072	6	180577856
50071	3	68892630
50070	1	310307054
50069	3	68892630
50068	18	5200895
50067	7	12306049
50066	6	5200895
50065	8	310307054
50064	2	7644986
50063	12	7644986
50062	4	310307054
50061	15	1494733
50060	5	4479771
50059	6	12623342
50058	3	4479771
50057	10	7644986
50056	5	12623342
50055	1	12623342
50054	6	180577856
50053	2	12623342
50052	13	180577856
50051	9	7644986
50050	4	180577856
50049	14	42808107
50047	8	7644986
50046	3	7644986
50045	3	42808107
50044	4	12306049
50043	8	1494733
50036	2	12623342
50035	3	1494733
50034	2	12623342
50033	8	4479771
50032	2	12306049
50031	12	7644986
50030	6	7644986
50029	4	7644986
50028	25	12306049
50027	4	180577856
50026	18	310307054
50025	2	180577856
50024	21	7644986
50023	7	180577856
50022	7	7644986
50021	23	7644986
50020	5	180577856
50019	8	7644986
50018	11	180577856
50017	5	26476793
50016	54	7644986
50015	5	26476793
50014	6	12306049
50013	8	12306049
50012	5	12306049
50011	3	26476793
50010	10	26476793
50009	7	1494733
50008	9	12306049
50007	9	7644986
50006	18	23540705
50005	12	1494733
50004	1	12306049
50003	2	42808107
50002	7	12306049
50001	19	310307054
50000	7	26476793
49999	5	180577856
49998	1	26476793
49997	8	26476793
49996	13	180577856
49995	17	180577856
49994	1	180577856
49993	6	180577856
49992	2	180577856
49991	9	12306049
49990	7	180577856
49989	7	180577856
49988	35	180577856
49987	6	180577856
49986	10	180577856
49985	1	12623342
49984	1	12306049
49983	9	26476793
49982	22	26476793
49981	30	12306049
49980	24	12306049
49979	5	19264830
49978	2	26476793
49977	3	19264830
49976	11	12306049
49975	6	19264830
49974	7	12306049
49973	1	19264830
49972	1	12306049
49971	5	12306049
49970	3	26476793
49969	2	12306049
49968	6	19264830
49966	4	19264830
49965	1	19264830
49964	1	12306049
49963	3	12306049
49962	9	26476793
49961	3	19264830
49960	4	19264830
49959	9	19264830
49958	1	26476793
49957	9	1494733
49956	7	26476793
49955	1	26476793
49954	8	19264830
49953	1	26476793
49952	4	178835227
49951	11	178835227
49950	7	20473269
49949	9	180577856
49948	26	26476793
49947	24	57010241
49946	6	12306049
49945	3	96875393
49944	4	180577856
49943	1	26476793
49942	9	96875393
49941	9	180577856
49940	4	26476793
49939	3	26476793
49938	1	26476793
49937	12	7644986
49936	1	12306049
49935	13	180577856
49934	4	57010241
49933	3	180577856
49932	3	12306049
49931	6	57010241
49930	8	12306049
49929	12	12306049
49928	8	12306049
49927	18	5200895
49926	7	178835227
49925	9	11330009
49924	11	20473269
49923	3	1494733
49922	4	26476793
49921	2	180577856
49920	8	26476793
49919	12	180577856
49918	15	180577856
49917	6	180577856
49916	8	180577856
49915	2	23540705
49914	4	180577856
49913	10	23540705
49912	6	1494733
49911	3	26476793
49910	5	96875393
49909	11	180577856
49908	5	12623342
49907	8	12623342
49906	11	180577856
49905	9	180577856
49904	9	180577856
49903	8	23540705
49902	8	7644986
49901	6	57010241
49900	11	96875393
49899	50	7644986
49898	1	12306049
49897	13	310307054
49896	1	12306049
49895	7	26476793
49894	2	26476793
49893	6	12306049
49892	3	12306049
49891	5	12623342
49890	4	12306049
49889	6	68892630
49888	8	12623342
49887	3	57010241
49886	4	310307054
49885	1	4479771
49884	15	180577856
49882	8	12306049
49881	4	26476793
49880	3	26476793
49879	4	8177449
49878	10	42808107
49877	10	12306049
49876	9	12306049
49875	16	180577856
49874	18	180577856
49873	54	180577856
49872	7	12306049
49871	7	26476793
49870	13	180577856
49869	5	12623342
49868	5	12623342
49867	12	180577856
49866	2	7644986
49865	22	12306049
49864	17	7644986
49863	18	180577856
49862	2	57010241
49861	7	57010241
49860	3	57010241
49859	3	7644986
49858	4	7644986
49857	2	54363822
49856	5	26476793
49855	3	26476793
49854	1	7644986
49853	9	180577856
49852	5	180577856
49851	1	57010241
49850	4	11330009
49849	15	57010241
49848	6	11330009
49844	1	12306049
49843	7	26476793
49842	13	12306049
49841	16	12306049
49840	17	7644986
49839	18	96875393
49838	20	57010241
49837	15	7644986
49836	11	7644986
49835	21	12306049
49834	9	5200895
49832	5	180577856
49826	14	180577856
49825	14	180577856
49824	5	180577856
49823	8	26476793
49822	3	180577856
49821	20	180577856
49820	10	180577856
49819	11	180577856
49817	1	12623342
49816	9	26476793
49815	2	178835227
49814	4	178835227
49813	6	12306049
49812	19	26476793
49811	3	26476793
49810	7	180577856
49809	10	7644986
49808	2	26476793
49807	23	26476793
49806	5	26476793
49805	8	26476793
49804	7	7644986
49803	16	7644986
49802	3	26476793
49801	8	26476793
49800	4	42808107
49799	3	42808107
49798	1	42808107
49797	3	12623342
49796	4	57010241
49795	3	4479771
49794	1	57010241
49793	6	180577856
49792	5	57010241
49790	4	57010241
49789	8	57010241
49788	4	12306049
49787	4	12306049
49786	15	180577856
49785	7	12306049
49784	6	180577856
49783	9	12306049
49782	7	57010241
49781	5	12306049
49780	11	12306049
49779	12	57010241
49778	4	12306049
49777	29	12306049
49776	3	12306049
49775	7	57010241
49774	1	57010241
49773	4	57010241
49772	2	96875393
49771	2	26476793
49770	1	26476793
49769	13	57010241
49768	9	4479771
49766	13	57010241
49765	4	12306049
49764	6	12306049
49763	8	12306049
49762	22	57010241
49761	4	178835227
49760	2	178835227
49759	11	178835227
49758	3	42808107
49757	5	178835227
49756	11	180577856
49754	1	42808107
49753	32	20473269
49752	24	42808107
49751	5	178835227
49750	3	54363822
49749	22	42808107
49748	1	178835227
49747	5	180577856
49746	11	180577856
49745	2	180577856
49744	3	180577856
49743	6	54363822
49742	4	54363822
49741	1	12306049
49736	1	57010241
49735	2	42808107
49734	5	23540705
49690	25	42808107
49688	7	57010241
49687	6	57010241
49686	7	12306049
49685	12	42808107
49684	21	23540705
49683	5	12306049
49682	28	42808107
49681	1	42808107
49680	1	12623342
49679	15	23540705
49678	3	42808107
49677	6	23540705
49676	3	23540705
49675	2	12306049
49674	8	12306049
49673	4	180577856
49672	5	57010241
49671	31	42808107
49670	10	42808107
49669	35	57010241
49651	14	42808107
49649	28	180577856
49648	19	57010241
49647	1	178835227
49646	10	57010241
49644	6	12306049
49643	9	180577856
49642	13	12306049
49639	1	180577856
49636	3	54363822
49635	4	54363822
49634	5	54363822
49623	3	57010241
49622	10	12306049
49621	2	57010241
49620	5	180577856
49619	11	180577856
49618	30	57010241
49617	11	180577856
49616	12	57010241
49615	8	54363822
49614	25	26476793
49613	2	42808107
49612	2	26476793
49611	22	26476793
49610	4	180577856
49609	19	23540705
49602	21	180577856
49601	54	180577856
49585	4	180577856
49545	6	57010241
49544	2	7644986
49543	11	57010241
49542	6	4479771
49541	3	4479771
49540	18	7644986
49539	5	68892630
49538	3	68892630
49537	36	68892630
49536	11	57010241
49535	46	7644986
49534	12	26476793
49533	14	23540705
49532	1	180577856
49531	17	23540705
49530	4	180577856
49529	9	180577856
49528	4	26476793
49527	1	180577856
49526	14	180577856
49525	17	26476793
49524	9	180577856
49522	7	42808107
49521	6	7644986
49520	5	178835227
49519	8	26476793
49518	16	15717865
49517	6	178835227
49515	12	178835227
49514	8	178835227
49513	8	15717865
49512	10	15717865
49511	23	26476793
49510	3	15717865
49509	7	15717865
49508	11	26476793
49507	1	12306049
49506	3	15717865
49505	15	15717865
49488	3	1494733
49487	9	20473269
49486	12	20473269
49485	3	180577856
49482	17	1494733
49460	1	42808107
49456	1	12306049
49455	9	57010241
49454	20	57010241
49428	24	26476793
49424	5	1494733
49421	1	26476793
49420	6	26476793
49418	7	1494733
49412	11	26476793
49406	4	1494733
49405	25	68892630
49404	1	12306049
49403	3	57010241
49402	5	12306049
49401	8	12306049
49400	4	42808107
49399	11	12306049
49398	9	12306049
49397	22	12306049
49396	8	12306049
49395	6	12306049
49394	20	57010241
49393	5	12306049
49392	15	12306049
49391	6	12306049
49390	1	26476793
49389	14	1494733
49388	2	42808107
49387	3	1494733
49386	10	42808107
49385	1	1494733
49384	5	42808107
49383	1	42808107
49382	4	1494733
49381	8	42808107
49380	10	42808107
49379	1	1494733
49378	5	12623342
49377	14	1494733
49376	3	42808107
49375	5	26476793
49374	6	42808107
49373	5	42808107
49372	3	180577856
49371	3	57010241
49370	9	180577856
49369	8	57010241
49368	11	180577856
49367	5	180577856
49366	7	57010241
49365	17	57010241
49364	3	180577856
49363	9	26476793
49362	1	37128986
49361	5	7644986
49360	5	7644986
49359	9	23540705
49358	14	7644986
49357	22	23540705
49356	5	57010241
49355	6	26476793
49354	10	26476793
49353	13	57010241
49352	4	26476793
49351	8	26476793
49350	9	57010241
49349	1	26476793
49348	5	26476793
49347	6	26476793
49346	7	57010241
49345	2	23540705
49344	10	57010241
49343	3	68892630
49342	2	68892630
49341	19	57010241
49340	23	57010241
49339	3	180577856
49338	13	26476793
49337	9	23540705
49336	3	26476793
49335	15	26476793
49334	4	26476793
49333	12	310307054
49332	13	310307054
49331	25	310307054
49330	10	310307054
49329	13	12306049
49328	3	12306049
49327	5	26476793
49326	12	12306049
49325	2	26476793
49324	6	12306049
49323	7	180577856
49322	7	12306049
49321	1	180577856
49320	3	26476793
49319	14	12306049
49318	3	12306049
49317	1	180577856
49316	12	23540705
49315	10	12306049
49314	7	178835227
49313	2	178835227
49312	4	7644986
49311	3	7644986
49310	9	12306049
49309	13	12306049
49308	5	12306049
49307	6	26476793
49306	6	180577856
49305	20	180577856
49304	10	26476793
49303	12	26476793
49302	3	178835227
49301	3	178835227
49300	5	178835227
49299	5	23540705
49298	3	178835227
49297	5	178835227
49296	4	23540705
49295	2	178835227
49294	5	178835227
49293	5	23540705
49292	7	23540705
49291	3	23540705
49290	3	178835227
49289	1	178835227
49288	5	178835227
49287	12	23540705
49286	5	178835227
49285	6	178835227
49284	49	23540705
49283	9	96875393
49282	1	26476793
49281	7	96875393
49280	1	42808107
49279	4	42808107
49278	5	26476793
49277	3	42808107
49276	6	26476793
49275	12	42808107
49274	5	180577856
49273	5	180577856
49272	2	12306049
49271	5	26476793
49270	4	23540705
49269	6	26476793
49268	17	26476793
49267	10	26476793
49266	20	26476793
49265	6	26476793
49264	6	26476793
49263	7	12306049
49262	3	26476793
49261	4	12306049
49260	7	26476793
49259	4	26476793
49258	1	26476793
49257	7	12306049
49256	4	26476793
49255	29	26476793
49254	18	26476793
49253	5	26476793
49252	4	26476793
49251	9	26476793
49250	16	26476793
49249	5	23540705
49248	8	23540705
49247	11	26476793
49246	4	26476793
49245	5	23540705
49244	1	26476793
49243	4	180577856
49242	11	26476793
49241	10	12306049
49240	6	180577856
49239	6	180577856
49238	3	178835227
49237	15	180577856
49236	4	1494733
49235	2	26476793
49234	4	7644986
49233	2	7644986
49232	6	180577856
49231	1	12306049
49230	7	26476793
49229	1	180577856
49228	7	7644986
49227	4	180577856
49226	2	180577856
49225	3	7644986
49224	12	310307054
49223	3	7644986
49222	5	7644986
49221	2	310307054
49220	8	7644986
49219	1	310307054
49218	3	310307054
49217	4	96875393
49216	1	310307054
49215	1	310307054
49214	10	310307054
49213	1	26476793
49212	8	310307054
49211	2	310307054
49210	77	310307054
49209	4	7644986
49208	2	310307054
49207	5	7644986
49206	7	310307054
49205	4	310307054
49204	31	310307054
49203	16	26476793
49202	4	180577856
49201	5	7644986
49200	5	7644986
49199	12	26476793
49198	4	180577856
49197	3	180577856
49196	9	1494733
49194	5	42808107
49193	18	180577856
49192	5	42808107
49191	5	42808107
49190	9	180577856
49189	2	42808107
49188	20	42808107
49187	21	20473269
49186	3	178835227
49185	5	26476793
49184	4	12306049
49183	5	178835227
49182	3	178835227
49181	9	178835227
49180	3	12306049
49179	8	178835227
49178	3	12623342
49177	3	178835227
49176	5	12623342
49175	5	12623342
49174	3	178835227
49173	1	178835227
49172	23	42808107
49171	12	42808107
49170	3	178835227
49169	4	178835227
49168	9	11330009
49167	5	26476793
49166	1	26476793
49165	6	11330009
49164	5	178835227
49163	3	180577856
49162	3	26476793
49161	15	180577856
49160	3	26476793
49159	5	26476793
49158	7	1494733
49157	1	26476793
49156	5	180577856
49155	3	26476793
49154	6	54363822
49153	15	180577856
49152	5	26476793
49151	3	12306049
49150	3	42808107
49149	10	11330009
49148	6	1494733
49147	13	11330009
49146	7	310307054
49145	8	1494733
49144	1	26476793
49143	1	1494733
49142	6	26476793
49141	1	1494733
49140	22	26476793
49138	6	12306049
49137	8	54363822
49136	1	12623342
49135	1	12623342
49134	11	7644986
49133	1	12623342
49132	5	26476793
49131	4	42808107
49130	5	12623342
49129	3	5200895
49128	9	1494733
49127	2	42808107
49126	4	12306049
49125	10	12306049
49124	8	23540705
49123	2	68892630
49122	7	68892630
49100	1	26476793
49099	1	7644986
49098	9	7644986
49091	21	26476793
49090	9	26476793
49089	24	26476793
49087	2	26476793
49086	23	7644986
49084	25	20473269
49082	9	12306049
49081	8	12306049
49080	7	178835227
49079	1	12306049
49078	1	42808107
49077	9	12306049
49075	3	42808107
49074	9	5200895
49073	1	12306049
49072	10	12306049
49071	10	42808107
49044	2	5200895
49043	3	12623342
49042	8	7644986
49041	36	5200895
49039	6	12623342
49038	1	12306049
49037	2	178835227
49036	8	178835227
49035	11	12306049
49034	5	11330009
49033	1	178835227
49032	4	178835227
49031	3	178835227
49030	9	68892630
49027	1	12623342
49026	17	12306049
49025	13	180577856
49024	6	180577856
49023	5	26476793
49022	6	180577856
49021	5	26476793
49020	5	26476793
49019	2	26476793
49018	4	54363822
49017	2	54363822
49016	7	26476793
49015	1	54363822
49014	4	180577856
49013	5	26476793
49012	9	26476793
49011	11	54363822
49010	14	180577856
49009	2	12306049
49008	13	54363822
49007	3	180577856
49006	17	180577856
49005	5	26476793
49004	15	57010241
49003	11	26476793
49002	37	26476793
49001	27	19264830
48995	8	57010241
48994	5	26476793
48993	5	57010241
48991	1	26476793
48990	1	12306049
48984	1	26476793
48983	4	42808107
48982	35	26476793
48981	1	68892630
48980	19	20473269
48979	3	20473269
48978	5	68892630
48977	10	68892630
48976	11	12306049
48975	10	12306049
48974	3	12623342
48973	1	12623342
48972	19	12306049
48968	11	180577856
48967	3	57010241
48963	1	12623342
48962	20	180577856
48961	24	57010241
48960	2	68892630
48959	3	12306049
48958	6	68892630
48957	7	12623342
48956	16	68892630
48946	3	42808107
48945	21	20473269
48942	1	4871315
48935	13	42808107
48924	8	26476793
48923	13	26476793
48922	2	12306049
48921	1	178835227
48920	13	12623342
48919	5	12623342
48918	1	178835227
48917	4	68892630
48841	2	11330009
48840	5	19264830
48839	6	11330009
48838	6	178835227
48837	4	180577856
48836	10	180577856
48835	5	180577856
48834	9	178835227
48833	7	26476793
48832	23	20473269
48831	4	180577856
48830	13	26476793
48829	2	12623342
48828	13	12623342
48827	9	12306049
48826	7	12623342
48825	13	12306049
48824	22	96875393
48823	8	12306049
48822	3	180577856
48821	16	180577856
48820	8	26476793
48819	5	12306049
48818	21	1494733
48817	14	12306049
48816	7	96875393
48815	10	180577856
48814	11	180577856
48813	4	180577856
48812	29	1494733
48811	4	12623342
48810	2	12306049
48809	9	12306049
48808	5	12306049
48807	1	1494733
48806	4	12306049
48805	3	12623342
48804	2	1494733
48803	7	1494733
48802	9	1494733
48786	6	26476793
48785	1	180577856
48784	1	26476793
48783	2	26476793
48782	1	180577856
48781	10	26476793
48780	14	180577856
48779	26	180577856
48778	14	26476793
48775	27	180577856
48774	29	11330009
48765	9	23540705
48764	7	11330009
48761	2	180577856
48760	5	7644986
48759	12	180577856
48758	16	7644986
48757	7	180577856
48756	8	7644986
48755	13	26476793
48754	12	26476793
48753	7	7644986
48752	4	26476793
48751	21	7644986
48750	6	26476793
48749	20	12306049
48748	11	7644986
48747	1	12306049
48746	106	180577856
48745	6	180577856
48736	8	180577856
48734	6	23540705
48732	10	11330009
48729	1	180577856
48728	1	26476793
48727	1	180577856
48726	1	26476793
48725	3	26476793
48724	1	180577856
48721	13	26476793
48705	4	57010241
48704	21	180577856
48703	28	57010241
48700	2	57010241
48699	3	4479771
48698	16	57010241
48613	2	26476793
48612	9	12306049
48611	6	26476793
48610	13	12306049
48609	3	12306049
48608	1	7644986
48607	5	12306049
48606	7	12306049
48605	2	7644986
48604	28	12306049
48603	7	12306049
48602	5	180577856
48601	7	12306049
48600	1	178835227
48599	8	180577856
48598	16	180577856
48565	12	178835227
48564	10	42808107
48563	12	26476793
48562	8	42808107
48561	2	7644986
48560	1	26476793
48559	12	7644986
48558	9	26476793
48557	8	26476793
48556	7	7644986
48555	4	26476793
48554	2	12623342
48553	2	7644986
48552	4	7644986
48551	2	7644986
48550	1	7644986
48549	6	12623342
48548	10	7644986
48547	7	26476793
48533	7	26476793
48532	11	26476793
48518	1	180577856
48517	4	180577856
48516	10	26476793
48515	63	26476793
48514	3	12306049
48513	1	19264830
48512	3	180577856
48511	10	180577856
48509	9	57010241
48508	12	12306049
48507	4	42808107
48506	12	42808107
48505	6	12306049
48504	13	23540705
48503	4	7644986
48502	5	7644986
48501	8	180577856
48500	15	180577856
48499	3	180577856
48497	7	5200895
48496	4	180577856
48495	1	180577856
48494	12	7644986
48493	10	7644986
48492	1	12306049
48491	9	180577856
48490	8	7644986
48489	12	180577856
48488	11	180577856
48487	10	180577856
48486	2	12623342
48485	12	7644986
48484	8	180577856
48483	6	180577856
48482	3	5200895
48481	7	54363822
48480	14	54363822
48479	11	7644986
48478	8	26476793
48477	3	12306049
48476	23	12306049
48475	9	7644986
48474	23	7644986
48473	17	7644986
48472	5	26476793
48471	14	26476793
48470	9	12623342
48469	3	12623342
48468	8	26476793
48467	8	26476793
48466	2	26476793
48465	4	8177449
48464	3	8177449
48463	61	8177449
48462	7	57010241
48461	33	57010241
48460	18	180577856
48459	20	26476793
48458	33	11330009
48457	14	12306049
48456	4	12306049
48455	2	12306049
48454	2	54363822
48453	4	54363822
48452	44	12306049
48451	5	12623342
48450	13	20473269
48449	11	178835227
48448	1	178835227
48447	1	178835227
48446	1	12623342
48445	9	178835227
48444	3	5200895
48443	3	12306049
48442	2	180577856
48441	2	180577856
48440	2	12306049
48439	7	5200895
48437	5	42808107
48436	1	42808107
48435	23	42808107
48434	4	42808107
48433	3	20473269
48432	14	42808107
48426	7	23540705
48425	4	180577856
48424	19	180577856
48423	27	23540705
48422	3	180577856
48421	15	1494733
48420	4	180577856
48418	20	180577856
48417	31	11330009
48414	42	180577856
48413	19	180577856
48412	37	57010241
48411	14	11330009
48410	5	11330009
48409	4	11330009
48408	26	11330009
48407	21	178835227
48406	2	12306049
48405	6	57010241
48404	14	12306049
48403	7	178835227
48402	12	178835227
48401	2	178835227
48400	6	57010241
48399	8	178835227
48398	14	178835227
48397	12	12306049
48396	2	12306049
48395	7	57010241
48394	15	57010241
48392	31	180577856
48391	24	180577856
48386	5	54363822
48384	18	11330009
48383	29	11330009
48382	9	42808107
48347	1	12306049
48346	7	180577856
48345	4	180577856
48344	8	12306049
48343	11	26476793
48342	1	6217442
48341	1	19264830
48340	6	6217442
48339	2	5200895
48338	3	26476793
48337	3	180577856
48336	14	180577856
48335	8	180577856
48334	17	5200895
48333	33	180577856
48332	1	26476793
48331	3	180577856
48330	4	26476793
48329	14	5200895
48328	13	26476793
48327	8	57010241
48326	13	12306049
48325	11	12306049
48324	1	57010241
48323	12	96875393
48322	6	12306049
48321	7	57010241
48320	4	26476793
48319	14	57010241
48318	2	26476793
48317	6	57010241
48316	6	57010241
48315	6	26476793
48314	24	57010241
48313	2	26476793
48312	8	6217442
48311	2	54363822
48310	2	96875393
48309	6	54363822
48308	8	180577856
48307	2	6217442
48306	1	26476793
48305	4	6217442
48304	7	26476793
48303	10	7644986
48302	7	19264830
48301	14	19264830
48300	8	7644986
48299	7	7644986
48298	2	7644986
48297	9	19264830
48296	21	7644986
48295	1	26476793
48294	14	23540705
48293	6	180577856
48292	2	180577856
48291	2	12306049
48290	6	180577856
48289	10	12306049
48288	11	42808107
48287	15	42808107
48286	4	19264830
48285	9	42808107
48284	2	42808107
48282	8	12306049
48281	1	180577856
48280	9	19264830
48279	7	68892630
48278	17	180577856
48277	6	6217442
48276	3	57010241
48275	7	5200895
48274	2	23540705
48273	2	5200895
48272	2	1494733
48271	4	12623342
48270	5	12623342
48269	4	12623342
48268	15	178835227
48267	1	310307054
48266	5	178835227
48265	7	178835227
48264	5	1494733
48263	16	1494733
48262	2	68892630
48261	1	19264830
48260	2	26476793
48258	1	178835227
48257	3	1494733
48256	2	178835227
48255	12	1494733
48254	2	12623342
48253	17	57010241
48252	19	57010241
48251	4	68892630
48250	8	68892630
48249	1	178835227
48248	12	178835227
48247	4	178835227
48246	8	178835227
48245	12	57010241
48244	4	19264830
48243	31	12306049
48242	1	12306049
48241	22	57010241
48240	8	12306049
48239	2	180577856
48238	6	180577856
48237	2	12306049
48236	6	12306049
48235	3	12306049
48234	76	57010241
48230	1	12623342
48229	3	26476793
48228	1	12623342
48227	6	12623342
48226	9	26476793
48225	12	96875393
48224	14	12306049
48223	2	96875393
48222	1	68892630
48221	2	42808107
48220	5	96875393
48219	10	54363822
48218	14	180577856
48217	4	57010241
48216	12	42808107
48215	8	12306049
48214	6	26476793
48213	8	180577856
48212	8	12306049
48211	6	12306049
48210	14	180577856
48209	10	26476793
48208	1	8177449
48207	7	19264830
48206	12	8177449
48205	7	8177449
48204	13	96875393
48203	13	12306049
48202	11	96875393
48201	6	12306049
48200	1	19264830
48199	1	6217442
48198	13	12306049
48178	6	12623342
48177	16	12623342
48176	3	19264830
48175	3	12623342
48174	5	12623342
48173	4	19264830
48172	2	12623342
48171	14	19264830
48170	2	12306049
48169	2	57010241
48168	2	12306049
48167	5	12306049
48166	2	7644986
48165	11	57010241
48164	3	7644986
48163	12	7644986
48158	3	11330009
48157	1	23540705
48156	7	11330009
48155	11	11330009
48154	2	12306049
48153	19	26476793
48152	9	7644986
48151	2	26476793
48150	12	12306049
48107	1	180577856
48106	3	57010241
48105	3	180577856
48104	12	180577856
48103	1	180577856
48102	21	57010241
48100	1	180577856
48099	4	57010241
48098	6	6217442
48062	1	1494733
48061	5	12623342
48060	1	1494733
48059	8	12623342
48058	25	1494733
48057	2	68892630
48056	2	8177449
48055	14	68892630
48053	3	42808107
48051	1	42808107
48050	16	42808107
48049	1	26476793
48048	4	42808107
48047	7	5200895
48046	12	42808107
48045	13	42808107
48044	13	5200895
48043	20	12623342
48042	10	12306049
48041	3	26476793
48040	3	12306049
48039	3	7644986
48038	1	96875393
48037	3	96875393
48036	3	178835227
48035	1	1494733
48034	3	12306049
48033	7	12623342
48032	2	180577856
48031	6	42808107
48030	7	180577856
48029	3	42808107
48028	8	19264830
48027	20	42808107
48026	9	20473269
48025	14	42808107
48024	18	42808107
48022	3	42808107
48021	3	12306049
48020	14	68892630
48019	7	57010241
48018	1	26476793
48017	1	26476793
48016	9	57010241
48015	3	26476793
48014	7	57010241
48013	1	12623342
48012	3	12623342
48011	3	7644986
48010	19	57010241
48006	6	42808107
48005	10	19264830
48004	15	68892630
48003	13	42808107
48002	7	42808107
48001	8	42808107
48000	4	68892630
47999	4	42808107
47998	5	42808107
47997	7	68892630
47995	20	42808107
47994	5	178835227
47993	7	12623342
47992	1	12623342
47991	8	12623342
47990	6	178835227
47989	3	68892630
47988	3	68892630
47986	5	96875393
47985	4	42808107
47984	6	19264830
47983	5	12623342
47982	4	19264830
47981	1	19264830
47980	6	6217442
47979	3	6217442
47978	7	6217442
47977	7	6217442
47976	2	12623342
47975	14	12623342
47974	7	6217442
47973	4	12623342
47972	24	12623342
47971	6	19264830
47970	5	19264830
47969	1	19264830
47968	4	6217442
47967	1	19264830
47966	5	6217442
47965	11	6217442
47964	14	6217442
47963	8	6217442
47962	4	19264830
47961	8	19264830
47960	6	6217442
47959	5	6217442
47958	11	6217442
47957	3	19264830
47956	8	19264830
47955	4	19264830
47954	22	180577856
47953	3	1494733
47952	7	7644986
47951	40	1494733
47950	10	6217442
47949	1	6217442
47948	5	6217442
47947	14	6217442
47946	10	42808107
47945	6	7644986
47944	7	7644986
47943	27	42808107
47942	6	19264830
47941	11	11330009
47940	3	178835227
47938	12	96875393
47937	1	19264830
47935	8	96875393
47934	3	19264830
47933	1	19264830
47932	24	96875393
47930	8	42808107
47929	4	12306049
47928	1	12306049
47927	3	178835227
47926	97	178835227
47925	1	23540705
47924	11	23540705
47923	14	12306049
47922	2	12306049
47921	12	23540705
47920	13	12306049
47919	5	42808107
47918	5	42808107